timestamp,txn_count,gas_used,gas_limit,eth_created,percent_gas_used,txn_count3,gas_used3,gas_limit3,eth_created3,percent_gas_used3,txn_count5,gas_used5,gas_limit5,eth_created5,percent_gas_used5
11/18/2021,1277715,979.7592728,1904.893346,1586.221792,0.514338125,1316041.667,981.1545076,1906.387995,1987.040067,0.5146651,1301328.6,976.3543673,1896.959842,1962.71242,0.514693212
11/17/2021,1368178,988.0941381,1917.74336,2357.4077,0.51523794,1321189.333,976.8149596,1897.972848,1566.377299,0.514659079,1300640.4,971.6717113,1887.81908,2272.503366,0.514703317
11/16/2021,1302232,975.6101119,1896.52728,2017.490708,0.514419235,1286916.667,971.3061419,1887.387502,1956.644202,0.514629999,1292162.8,970.4240411,1886.616928,2000.790281,0.514374675
11/15/2021,1293158,966.7406288,1879.647904,324.233489,0.514320063,1277597.333,964.8847689,1874.941586,2329.206141,0.514619803,1300992.8,972.4968627,1890.526909,1596.340305,0.514406746
11/14/2021,1265360,971.5676849,1885.987321,3528.20841,0.515150698,1288474.667,969.9231549,1885.636485,2554.075736,0.514378025,1322525,978.1688032,1901.58755,1537.407846,0.51439808
11/13/2021,1274274,956.3459929,1859.189533,3135.176524,0.514388649,1315482,974.7253332,1895.666441,1376.419875,0.514187657,1336958.4,978.8313233,1903.356148,869.6652748,0.514266894
11/12/2021,1325790,981.8557869,1911.732602,998.842275,0.513594728,1357663.667,987.6434461,1920.920299,341.218098,0.514150351,1349610.6,984.9350631,1914.965242,581.9603262,0.514335824
11/11/2021,1346382,985.9742199,1916.077187,-4.759173,0.514579593,1361576,985.3182789,1915.286202,71.43585833,0.514450365,1337804.6,983.3490445,1910.976176,1280.17418,0.514580431
11/10/2021,1400819,995.1003314,1934.951109,29.571192,0.514276731,1358627,985.615103,1915.67214,638.572843,0.514501599,1318963.6,983.4128357,1910.924764,2143.674139,0.514627537
11/9/2021,1337527,974.8802855,1894.830309,189.495556,0.514494771,1313940.667,978.5568904,1901.284195,2125.352961,0.514681944,1298871.6,977.6347375,1899.593853,2686.697074,0.514653692
11/8/2021,1337535,986.864692,1917.235002,1696.651781,0.514733296,1285490.667,982.3611871,1908.280801,3499.767983,0.514788728,1300735.2,979.6403782,1903.18115,3053.189303,0.514737338
11/7/2021,1266760,973.9256937,1891.787274,4489.911546,0.514817764,1273098.667,975.4762367,1895.301318,3849.112678,0.514680131,1312015.8,976.8414834,1897.760647,2815.745026,0.514732692
11/6/2021,1252177,986.2931757,1915.820127,4312.740622,0.514815124,1299793.667,979.1371685,1902.294491,3026.461062,0.514711876,1338172.4,974.70928,1894.177544,1856.943938,0.514579235
11/5/2021,1300359,966.2098407,1878.296552,2744.685867,0.514407504,1347047.333,974.6628491,1893.731944,1758.690987,0.514676857,1357684.6,975.0849282,1894.485444,842.161196,0.514692483
11/4/2021,1346845,984.908489,1912.766793,2021.956698,0.514913001,1379442,973.6811279,1892.257013,742.4310663,0.514557849,1357272,979.6219703,1903.062803,598.283535,0.514757434
11/3/2021,1393938,972.8702177,1890.132487,509.430396,0.514710066,1380406.333,974.7687704,1893.787958,-185.2788617,0.514713969,1362042.8,977.9486482,1900.028367,249.8488288,0.514699017
11/2/2021,1397543,963.2646771,1873.871759,-304.093895,0.51405048,1348525.667,980.1103816,1904.138245,153.343527,0.514721368,1372073.6,980.5290083,1904.892158,66.8161568,0.514739195
11/1/2021,1349738,988.1714163,1917.359627,-761.173086,0.515381362,1339577.667,984.5361155,1912.045863,347.9692143,0.514911513,1394658.2,986.6751857,1916.480236,-192.5228462,0.514837196
10/31/2021,1298296,988.8950513,1921.183348,1525.297562,0.514732262,1371029,983.736316,1911.076468,466.449255,0.514754711,1400681.4,981.3495185,1906.943426,-199.949953,0.514617601
10/30/2021,1370699,976.5418788,1897.594615,279.783167,0.514620916,1441752.333,985.4364869,1914.619402,-575.579569,0.514690786,1409209.4,981.344773,1907.277373,84.5068832,0.514525738
10/29/2021,1444092,985.7720178,1914.451441,-405.732964,0.514910954,1444804,980.4368875,1905.313055,-934.943498,0.514578275,1402951.8,984.8961366,1914.123306,1014.265747,0.514540389
10/28/2021,1510466,993.9955641,1931.812151,-1600.78891,0.514540487,1410418.667,981.4699894,1908.113603,182.828071,0.514365606,1376070.4,993.0380257,1930.199238,2544.955341,0.514472321
10/27/2021,1379854,961.5430805,1869.675574,-798.30862,0.514283384,1353400.333,981.5710337,1908.117646,2359.283536,0.514416834,1321121.2,990.5390742,1925.138882,4458.124441,0.514527294
10/26/2021,1340936,988.8713237,1922.853083,2947.581743,0.514272948,1330010.667,1003.217161,1949.836155,5041.291411,0.514512577,1297092.2,995.384056,1934.267248,5942.007309,0.514605826
10/25/2021,1339411,994.298697,1931.82428,4928.577485,0.514694171,1294938.667,1000.760322,1944.388585,6713.783027,0.514693379,1281140.8,996.9591758,1937.22739,6514.736878,0.514633075
10/24/2021,1309685,1026.481463,1994.831103,7247.715006,0.514570613,1268371.333,997.9167532,1938.886292,7277.959106,0.514687337,1268830.4,996.1618434,1936.000909,6756.931242,0.514546836
10/23/2021,1235720,981.5008067,1906.510371,7965.056591,0.514815352,1252202.667,988.0052396,1919.827188,6799.130633,0.514633531,1253929.8,987.8692259,1920.241271,6755.565068,0.514451237
10/22/2021,1259709,985.7679898,1915.317403,6621.105721,0.514676047,1266249,990.9423158,1926.221024,6190.628204,0.514449405,1246131.6,986.6693794,1918.107949,6386.866596,0.514397657
10/21/2021,1261179,996.7469223,1937.653791,5811.229588,0.514409193,1258073.333,990.6924443,1926.459527,6397.22101,0.514254929,1225701.8,986.1724026,1917.749475,7003.540937,0.514234356
10/20/2021,1277859,990.3120353,1925.691879,6139.549303,0.514262975,1236590,983.6106617,1912.52285,6500.66589,0.514301015,1201934.4,981.2279632,1908.30025,7084.523072,0.514190095
10/19/2021,1235182,985.0183753,1916.03291,7240.884139,0.514092618,1196490.333,981.2676852,1908.467236,7688.975265,0.514166538,1209698,980.3047872,1906.592002,6932.769521,0.514166786
10/18/2021,1196729,975.5015744,1895.84376,6121.564229,0.514547451,1165543.667,976.9364684,1899.925487,7347.393973,0.514198295,1202397,977.5177612,1901.066775,5905.045513,0.514195092
10/17/2021,1157560,983.2831058,1913.525037,9704.477428,0.513859545,1205526.333,980.3346621,1907.027779,7100.466412,0.514064621,1202858,977.7822006,1901.117906,5657.848707,0.514320681
10/16/2021,1142342,972.024725,1890.407665,6216.140261,0.514187888,1219232,976.2680419,1898.655025,4566.395302,0.514189488,1211243.4,978.2552751,1901.546999,4974.676306,0.514452531
10/15/2021,1316677,985.6961555,1917.150636,5380.781546,0.51414643,1238129.333,977.867724,1900.552276,4122.875281,0.514518658,1226237.2,979.9876239,1904.525092,4638.694931,0.514558053
10/14/2021,1198677,971.0832451,1888.406775,2102.264099,0.514234146,1199066,977.8518316,1900.058898,4425.486575,0.51464278,1187255,980.5315141,1905.809965,4753.191209,0.514497373
10/13/2021,1199034,976.8237715,1896.099416,4885.580199,0.515175398,1205277.333,981.0529063,1905.68935,5236.80967,0.514803229,1183406,979.8306805,1903.168554,5737.055805,0.514847986
10/12/2021,1199487,985.6484783,1915.670502,6288.615426,0.514518795,1179521.333,984.9168513,1914.847878,5592.703916,0.514359107,1188304.2,981.2655519,1906.614043,5366.25852,0.514670202
10/11/2021,1217311,980.686469,1905.298133,4536.233384,0.514715494,1172836.333,978.8937176,1901.357617,5837.0278,0.514848579,1219389,981.1949787,1906.613102,4634.38807,0.514633614
10/10/2021,1121766,988.4156065,1923.574998,5953.262939,0.513843031,1174907.667,979.997604,1904.03386,5335.481264,0.514705573,1250307.6,982.073986,1909.182543,3895.695527,0.514402389
10/9/2021,1179432,967.5790774,1875.199721,7021.587078,0.515987213,1252622.667,978.957606,1901.39746,4227.481342,0.514869849,1276364.6,982.5642614,1909.519538,3432.309307,0.514567101
10/8/2021,1223525,983.9981281,1913.32686,3031.593775,0.514286476,1316780,984.7917488,1915.712665,2167.875872,0.514060567,1269471,987.0683042,1919.694827,2892.154153,0.514179641
10/7/2021,1354911,985.2956126,1915.665798,2629.263174,0.514335858,1326288.667,987.0813672,1919.69037,2369.455228,0.514187271,1246399.8,987.0647551,1919.260647,3815.372411,0.514294621
10/6/2021,1371904,985.0815056,1918.145338,842.770668,0.513559367,1256306.333,988.6825935,1923.160492,2933.304605,0.514091957,1196349.6,983.9422542,1913.207784,4973.792685,0.51428969
10/5/2021,1252051,990.8669834,1925.259974,3636.331841,0.514666589,1168394.667,988.3155525,1920.830699,5201.609405,0.51452596,1160378.6,985.3015488,1915.775598,6119.677965,0.5143107
10/4/2021,1144964,990.0992915,1926.076165,4320.811307,0.514049916,1119264.333,981.2542607,1907.544537,6796.620305,0.514407498,1132107.8,980.4965363,1906.913836,6144.828248,0.514180893
10/3/2021,1108169,983.9803825,1911.155959,7647.685067,0.514861374,1134959.333,981.8471564,1909.180617,7547.082226,0.514278998,1124836.8,976.0918358,1897.98529,6491.448178,0.514279232
10/2/2021,1104660,969.683108,1885.401486,8421.364542,0.514311204,1135802,976.1343359,1899.112352,6251.881622,0.513997726,1128214.6,977.2208063,1900.495664,6257.046255,0.514194228
10/1/2021,1192049,991.8779786,1930.984406,6572.197069,0.513664417,1137118.333,975.5985629,1897.789669,5462.730427,0.514074528,1135052,982.049423,1909.743873,7459.548231,0.514231584
9/30/2021,1110697,966.8419211,1880.951165,3762.083254,0.514017556,1114788,974.8476483,1895.364143,5430.556555,0.514331839,1122743.2,990.1077186,1925.229574,7849.948776,0.514283288
9/29/2021,1108609,968.0757889,1881.433435,6053.910958,0.51454161,1124171.333,983.842405,1912.261264,8987.820277,0.514491982,1123487.4,997.7106488,1939.783609,8980.721909,0.514345682
9/28/2021,1125058,989.6252349,1923.707828,6475.675454,0.514436351,1131470,1005.206961,1954.587756,9811.24989,0.514285757,1128813.8,1002.234036,1949.046633,9287.243715,0.514219719
9/27/2021,1138847,993.8261913,1931.64253,14433.87442,0.514497986,1127923.333,1010.284073,1964.59226,10791.34104,0.514250149,1144956.8,1005.2216,1955.431321,9873.752757,0.514067875
9/26/2021,1130505,1032.169457,2008.41291,8524.199796,0.513922935,1126721.333,1009.239585,1963.294269,8508.889567,0.514054753,1149648.4,1004.223387,1953.741741,8557.352086,0.514000836
9/25/2021,1114418,1004.856572,1953.72134,9415.948917,0.514329527,1151810.667,1000.037451,1945.700388,8803.563189,0.513972818,1163821.4,998.061119,1941.679725,7996.448042,0.514019664
9/24/2021,1135241,990.6927261,1927.748557,7586.519989,0.513911797,1167773,994.696968,1935.524819,8282.203906,0.513917239,1167106.6,986.8514586,1920.46013,7250.571569,0.513859569
9/23/2021,1205773,1004.563056,1955.631268,9408.220661,0.513677129,1189816,998.252099,1942.309575,7659.923768,0.513952332,1166465.4,988.6007348,1922.802361,7667.288252,0.514140872
9/22/2021,1162305,988.8351219,1923.194631,7851.871069,0.514162792,1164839.667,979.6671703,1906.306941,6419.372398,0.513902972,1153380.2,988.2527226,1921.400271,7635.022581,0.514331883
9/21/2021,1201370,1001.358119,1948.102827,5719.679574,0.514017076,1154749.667,983.201832,1911.728635,7025.449844,0.514288146,1154556.2,989.9634715,1924.221099,7474.049277,0.514466289
9/20/2021,1130844,948.8082699,1847.623365,5686.566552,0.513529049,1134408.667,983.690124,1911.9013,8201.18742,0.514493183,1160188.6,989.2293343,1922.873212,7751.230809,0.514445016
9/19/2021,1132035,999.439107,1939.459712,9670.103405,0.515318313,1146855.667,999.8836562,1941.7931,8654.666754,0.514928441,1175248,1000.141699,1943.024475,8099.457759,0.514734541
9/18/2021,1140347,1002.822995,1948.620822,9246.892303,0.514632187,1179354.667,999.2997648,1942.42766,7799.82803,0.514459239,1195731.2,999.8150646,1942.950716,7871.384615,0.514585695
9/17/2021,1168185,997.3888665,1937.298767,7047.004553,0.514834822,1201286,999.4821305,1942.347281,7193.431029,0.514574068,1224552,997.4678597,1938.345718,7646.754359,0.514597471
9/16/2021,1229532,997.6874329,1941.363392,7105.587233,0.513910707,1223374.667,999.6211538,1942.944664,7687.675406,0.514487156,1226223.4,995.3733802,1934.025478,7783.159613,0.514665191
9/15/2021,1206141,1003.370092,1948.379684,7427.701302,0.514976675,1241681,997.4209997,1937.68881,8027.060004,0.514747276,1225092.8,992.1609451,1926.664988,7989.330636,0.514964577
9/14/2021,1234451,997.8059364,1939.090916,8529.737684,0.514574086,1231814.667,991.9364587,1926.794771,8127.503177,0.514812857,1234023.6,991.344148,1925.798692,7892.996689,0.514773905
9/13/2021,1284451,991.0869706,1925.595829,8123.741025,0.514691066,1228290.667,986.5428991,1915.28478,7996.404731,0.515090708,1235881,991.2539676,1925.649704,7035.46394,0.514766933
9/12/2021,1176542,986.9164691,1915.697569,7729.030821,0.51517342,1217072,989.2759443,1921.435571,7603.834912,0.514868125,1214452.6,993.8250227,1931.002003,5725.669171,0.514672829
9/11/2021,1223879,981.6252575,1904.560942,8136.442348,0.515407638,1239470.667,992.7554661,1928.985041,6441.515951,0.514656726,1237637.6,994.3557947,1932.698608,5017.201737,0.514494429
9/10/2021,1250795,999.2861064,1944.048203,6946.031566,0.514023317,1223947.333,1000.194462,1944.917167,4254.290896,0.514261029,1237440.4,997.3148988,1939.122996,4294.37438,0.514312636
9/9/2021,1243738,997.3550343,1938.345977,4242.073939,0.514539224,1237838,996.9558699,1938.294631,3334.51159,0.514347063,1213108,998.1022284,1939.322156,3770.642594,0.514664791
9/8/2021,1177309,1003.942246,1952.357322,1574.767182,0.514220545,1230889.667,996.6444512,1937.740267,3427.922131,0.514333547,1203921,1000.323304,1942.295037,3858.520537,0.515018779
9/7/2021,1292467,989.5703293,1924.180594,4186.693648,0.514281421,1214831,996.4046205,1935.302494,4345.457283,0.514854729,1206132,999.4034071,1940.248337,3750.403895,0.515087033
9/6/2021,1222893,996.4207782,1936.682884,4522.305563,0.514498675,1183276.333,1002.701315,1944.97909,4510.380618,0.515530642,1191938.4,997.6958911,1936.402432,3720.386729,0.515228958
9/5/2021,1129133,1003.222754,1945.044004,4327.372638,0.515784091,1171766.667,1003.675309,1946.792736,3347.673422,0.515551689,1194145.4,998.1640188,1937.425649,3889.8824,0.515198926
9/4/2021,1197803,1008.460414,1953.210382,4681.463654,0.516309161,1202555.333,996.2786411,1933.428423,3250.751814,0.515287342,1214108,997.4056484,1936.504345,3960.250026,0.515052992
9/3/2021,1188364,999.3427601,1942.123823,1034.183974,0.514561815,1214597,993.045642,1929.624619,3480.191902,0.514633793,1223083.2,1004.839149,1952.180694,4050.522376,0.514727955
9/2/2021,1221499,981.0327493,1904.951065,4036.607814,0.51499105,1228124.333,993.0750226,1929.062507,4695.200834,0.514797994,1214082,1004.05927,1950.245311,5293.36618,0.514839728
9/1/2021,1233928,998.7614167,1941.798969,5369.783919,0.514348515,1235184.333,1014.606745,1971.276194,5060.606697,0.514695637,1195372,1006.623963,1955.164053,5972.5028,0.514856098
8/31/2021,1228946,999.4309018,1940.437488,4679.210769,0.515054418,1204994.333,1013.500728,1968.15884,5686.813056,0.514953026,1166975,1000.711606,1943.345586,5695.0459,0.51494451
8/30/2021,1242679,1045.627916,2031.592125,5132.825402,0.514683978,1171328.667,1011.642499,1964.527936,6604.506437,0.514959185,1155201,1002.55481,1947.101679,6023.407051,0.514897865
8/29/2021,1143358,995.4433665,1932.446908,7248.402997,0.515120681,1121083.333,986.1664041,1914.899438,6221.064442,0.514994718,1139882.2,988.6019366,1920.447593,6222.13314,0.514774364
8/28/2021,1127949,993.8562153,1929.544776,7432.290913,0.515072896,1129989.333,990.56759,1923.823121,5911.935618,0.514894888,1159306.4,991.6237783,1926.801732,6227.703805,0.514646422
8/27/2021,1091943,969.1996306,1882.706631,3982.499417,0.514790576,1142701.333,984.5700337,1913.415428,5476.657263,0.514559415,1181124,988.6264038,1921.170805,6421.211111,0.514595388
8/26/2021,1170076,1008.646924,1959.217957,6321.016525,0.514821192,1192213.333,998.3543485,1940.585751,6574.576232,0.514456213,1199060.2,995.7381337,1933.491547,7713.525104,0.514990966
8/25/2021,1166085,975.8635466,1898.321695,6126.455846,0.514066477,1214533.667,988.4284881,1921.309812,7267.513205,0.514455057,1201565.8,993.7045111,1928.863558,8631.581247,0.515171209
8/24/2021,1240479,1010.552575,1964.2176,7276.256324,0.51448097,1219713.333,998.0600659,1936.639361,8706.717716,0.515355721,1220033.2,999.9852586,1940.164509,9561.823592,0.515412309
8/23/2021,1237037,978.8693427,1901.390141,8399.827444,0.514817723,1200421.667,994.0354779,1927.259498,9918.398021,0.515769533,1222086.4,998.3049286,1936.545263,10522.10366,0.515505676
8/22/2021,1181624,1004.75828,1944.310341,10444.06938,0.51676847,1207550,1003.501458,1945.071601,10711.0114,0.51592095,1214270.4,1000.714229,1941.610979,10923.82492,0.515402589
8/21/2021,1182604,998.4788111,1936.078011,10911.29724,0.515722407,1230590.333,1002.63234,1945.675278,11255.54049,0.515314062,1228707.6,1001.428698,1944.573167,10896.39962,0.514985924
8/20/2021,1258422,1007.267284,1954.826452,10777.66757,0.515271974,1235708,1000.111352,1942.555514,11087.91933,0.514840689,1248831.8,1002.909743,1947.918257,10693.66183,0.514860927
8/19/2021,1250745,1002.150925,1946.12137,12077.65665,0.514947804,1234170.667,1000.465798,1943.987124,10931.01109,0.514645079,1221007,1001.379732,1944.442462,10437.82182,0.514995624
8/18/2021,1197957,990.9158468,1926.71872,10408.43376,0.514302288,1244997.333,1001.710168,1946.214487,10204.32831,0.514694953,1199997.6,1001.473468,1943.731468,10182.2222,0.515232353
8/17/2021,1253810,1008.330621,1959.121281,10306.94287,0.514685145,1218777.667,1004.610629,1949.79074,9901.006236,0.515242677,1203069.2,1004.168751,1948.052408,10169.74165,0.515475133
8/16/2021,1283225,1005.884037,1952.803461,9897.608305,0.515097426,1182740.333,1002.706957,1944.272446,10065.24479,0.515724777,1185152.2,1001.621995,1942.730947,10013.35741,0.515574548
8/15/2021,1119298,999.6172293,1937.447478,9498.467533,0.515945459,1159437,1002.209699,1942.779099,10214.71903,0.515864365,1177288.2,999.7637405,1939.133588,9880.492638,0.515571827
8/14/2021,1145698,1002.619605,1942.566399,10799.65853,0.516131447,1174412.667,1000.86957,1941.134598,10223.5704,0.515609952,1194124.2,997.9973344,1935.67819,9948.793948,0.515580364
8/13/2021,1213315,1004.392262,1948.32342,10346.03103,0.515516188,1207148.333,998.8606227,1938.551355,9701.445709,0.515260744,1211490,998.4192014,1936.688285,9949.895622,0.515529288
8/12/2021,1164225,995.5968423,1932.513976,9525.021644,0.515182221,1203869.333,994.324935,1929.167044,9532.76006,0.515418061,1204314,1000.025757,1939.450407,9972.593116,0.515622369
8/11/2021,1243905,996.5927638,1934.816669,9233.284454,0.515083822,1226636.667,997.3689676,1934.201344,9959.475146,0.515649344,1211274.8,1001.548924,1941.876459,10020.7823,0.515762913
8/10/2021,1203478,990.7851989,1920.170487,9839.974083,0.515988141,1204480,1002.646392,1943.30713,10368.21983,0.515948601,1203998.4,1003.654554,1944.968565,10189.96694,0.51602592
8/9/2021,1232527,1004.72894,1947.616875,10805.1669,0.51587607,1202997,1006.788886,1951.465046,10343.55099,0.515914201,1205062,1004.959494,1884.533737,10662.30975,0.536105443
8/8/2021,1177435,1012.425038,1962.134028,10459.5185,0.515981591,1194662.333,1007.58621,1952.351821,10101.56457,0.516088463,1202015,990.2761854,1684.06128,11906.47896,0.629980295
8/7/2021,1199029,1003.212681,1944.644235,9765.967556,0.515884943,1205116,1002.547831,1837.639261,10682.28779,0.549556517,1211341.6,975.1882289,1482.010715,13311.65368,0.723654185
8/6/2021,1207523,1007.12091,1950.2772,10079.20766,0.516398854,1211203.667,978.5810694,1504.509379,13102.30292,0.706011646,1219400.6,959.5056552,1280.629778,14705.6301,0.817717424
8/5/2021,1208796,997.309902,1617.996349,12201.68814,0.616385755,1216718.667,955.2025178,1171.710713,15571.03106,0.86199571,1215349.4,942.7528676,1077.708115,15917.74744,0.911805972
8/4/2021,1217292,931.3123961,945.2545892,17026.01295,0.98525033,1226894.667,931.032488,944.9584472,17082.41823,0.985267504,1215539,930.2408149,943.722677,16988.28768,0.985719001
8/3/2021,1224068,936.9852554,951.8812017,17485.39208,0.984351045,1216886.333,928.38068,941.763212,16787.01204,0.985797925,1222059.8,930.4574226,944.1200361,16795.49054,0.985534369
8/2/2021,1239324,924.7998125,937.7395508,16735.84967,0.986201138,1212111.667,927.6354743,940.4925313,16810.01113,0.986331209,1223745.2,927.2131535,940.6854534,16436.37628,0.985680475
8/1/2021,1187267,923.356972,935.6688835,16139.79437,0.986841593,1215635.667,930.1673484,943.6598094,16585.40365,0.985706554,1233871.8,926.2352535,939.2912593,16310.77009,0.986107064
7/31/2021,1209744,934.7496385,948.0691597,17554.38935,0.985950897,1230711.667,929.3029944,943.3396109,16435.41246,0.985119881,1255922.2,925.3944499,938.4207736,16811.07667,0.986126636
7/30/2021,1249896,932.3954346,947.241385,16062.02724,0.984327173,1257449.333,924.3565523,937.5727511,15953.22224,0.985914276,1261470,922.0606264,934.6135102,16494.33339,0.986578667
7/29/2021,1232495,920.76391,934.708288,15689.82078,0.985081572,1273323.667,919.9423921,932.2644412,16812.98892,0.986785037,1240741.8,923.9831457,936.3048503,16325.85524,0.986848299
7/28/2021,1289957,919.9103122,930.7685803,16107.81871,0.988334084,1274986.333,919.0479291,930.372626,16906.60631,0.987828196,1236312,930.4282073,943.1205258,16201.30354,0.9865707
7/27/2021,1297519,919.1529541,931.3164552,18641.32727,0.986939454,1227085.667,926.4138355,938.682461,16610.54556,0.986941947,1220115,935.4037309,948.5101497,16271.34672,0.986203968
7/26/2021,1237483,918.0805209,929.0328425,15970.67295,0.98821105,1198028,937.6925901,951.1725311,15419.1239,0.985859987,1202015.6,941.0246031,954.530384,15682.61512,0.985870362
7/25/2021,1146255,942.0080315,955.6980854,15219.63647,0.985675336,1188524.333,946.5950598,960.7338169,15581.57779,0.985289778,1194510.4,946.4550384,960.706463,15630.14688,0.985169429
7/24/2021,1210346,952.989218,968.7866654,15067.06228,0.983693575,1208780,948.3448211,962.6403307,15740.92205,0.985155141,1201231.6,943.5330081,958.3445518,15635.97447,0.984540168
7/23/2021,1208972,944.7879299,957.7167,16458.03461,0.986500423,1205317,945.7593141,959.6825215,15954.67855,0.985492745,1190152.2,935.0126632,949.735549,15723.11555,0.984484295
7/22/2021,1207022,947.2573153,961.4176266,15697.66927,0.985271425,1195613.333,939.9626308,955.0731313,15551.59181,0.984168947,1173555.2,930.5094786,945.6034552,15399.45323,0.984028749
7/21/2021,1199957,945.2326972,959.9132378,15708.33177,0.984706388,1178255.667,927.6726903,943.1811395,15486.62463,0.983549875,1166988.2,928.3446411,943.4739991,15333.20015,0.983958548
7/20/2021,1179861,927.39788,943.8885294,15248.7744,0.982529029,1153599,920.0191268,935.5621371,15197.08838,0.983388644,1158201.4,922.4011737,937.3676367,15427.31748,0.984033336
7/19/2021,1154949,910.3874936,925.7416514,15502.76771,0.983414209,1151707.667,923.0308761,937.8560761,15236.2982,0.984185774,1184714.8,933.84672,948.7202939,15899.25173,0.984324377
7/18/2021,1125987,922.2720069,937.0562306,14839.72302,0.984222693,1152065.667,924.7401649,939.0693343,15461.68177,0.984741147,1192935,935.4051025,950.3231275,16152.38465,0.984305243
7/17/2021,1174187,936.4331278,950.7703462,15366.40387,0.984920419,1214212.667,945.5246998,960.2678624,16384.58931,0.984661661,1203977,935.3232252,950.2529832,16310.63389,0.984291535
7/16/2021,1156023,915.5153601,929.3814261,16178.91842,0.985080328,1221500.333,939.4401259,954.5963535,16851.93212,0.9841277,1207810,936.2886362,951.5038423,16361.91781,0.984012979
7/15/2021,1312428,984.6256116,1000.651815,17608.44565,0.983984236,1229891.667,941.5558793,957.0377146,16669.28239,0.983818976,1199145.6,939.8442711,957.5830602,15954.28069,0.981478138
7/14/2021,1196050,918.1794061,933.7558195,16768.43229,0.983318537,1190199.667,927.1007364,942.4953234,16007.40833,0.983666776,1160361.8,929.1913768,948.7617715,15294.1811,0.979415627
7/13/2021,1181197,921.8626202,936.7055093,15630.96924,0.984154156,1162416.667,932.1387793,951.1692222,15131.5085,0.980029306,1155540.2,929.4679629,949.0802346,14898.9992,0.979376535
7/12/2021,1193352,941.2601829,957.0246415,15622.82346,0.983527636,1141520.667,935.3049526,957.7825096,14690.50133,0.976535147,1168161.6,933.145264,953.023609,15003.40586,0.979163672
7/11/2021,1112701,933.2935348,959.7775157,14140.73281,0.972406125,1134384,928.0723371,950.5570074,14413.73443,0.976400294,1187267.8,934.3929535,954.0205401,15175.61033,0.979441403
7/10/2021,1118509,931.3611402,956.5453715,14307.94772,0.973671681,1178251.667,930.3908674,949.4386293,15084.49101,0.979961533,1241792,936.6448456,954.2415553,15963.82654,0.981561304
7/9/2021,1171942,919.5623363,935.3481349,14792.52277,0.983123077,1235043,935.7700308,951.2599377,15809.79037,0.983709737,1250217.4,938.5945115,956.0622474,16054.94024,0.981744507
7/8/2021,1244304,940.2491257,956.4223816,16153.00255,0.98308984,1306169.667,944.1002505,959.7714234,16906.22073,0.983670587,1237906.2,939.861722,960.7633011,15916.84212,0.978246053
7/7/2021,1288883,947.4986303,962.0092967,16483.84579,0.984916293,1278280.333,944.3870318,962.8469068,16443.05863,0.980836539,1208059.4,935.8437723,958.7376155,15506.55169,0.976104521
7/6/2021,1385322,944.5529956,960.882592,18081.81385,0.983005628,1218781.333,937.1869514,961.7949425,15649.12076,0.974408044,1185705.4,934.8338244,959.5261551,15120.39092,0.974254954
7/5/2021,1160636,941.1094694,965.6488318,14763.51626,0.974587695,1122030.667,929.0557451,956.9320629,14322.36627,0.970866895,1149681.8,934.6390013,959.7896494,14470.98115,0.973783285
7/4/2021,1110386,925.8983891,958.8534036,14102.03216,0.96563081,1127523,929.502219,957.0331172,14252.20816,0.971227149,1157488.4,935.7382353,959.5819815,14735.81353,0.975132664
7/3/2021,1095070,920.1593769,946.2939533,14101.55038,0.97238218,1159129,935.395716,958.1486705,14496.45244,0.97623264,1189811.8,938.9663122,959.4282066,14925.42648,0.978656953
7/2/2021,1177113,942.4488911,965.9519948,14553.04193,0.975668456,1193995.333,944.2111368,964.2541836,15158.49503,0.979216776,1252574.2,944.6730648,963.2850611,15140.70164,0.980683113
7/1/2021,1205204,943.5788801,962.2000635,14834.76501,0.980647285,1225625.333,944.074431,961.6316949,15324.18003,0.981744709,1241773.4,939.1480471,959.7974029,15277.46916,0.978445697
6/30/2021,1199669,946.6056393,964.6104925,16087.67816,0.981334587,1293518,945.7791843,962.757749,15438.56708,0.982366607,1223194.2,937.2911653,960.1449069,15166.82963,0.976165818
6/29/2021,1272003,942.0387735,958.0845287,15050.09692,0.983252255,1267998,935.1852387,957.3921528,15154.96755,0.97674887,1229432.8,935.1361002,958.0087426,14991.37175,0.976104206
6/28/2021,1408882,948.6931401,965.5782258,15177.92616,0.98251298,1214766.333,932.6038046,959.3431712,14898.79102,0.972080749,1217168,935.0054048,958.4434107,14927.27998,0.975523025
6/27/2021,1123109,914.8238024,948.5137038,15236.87957,0.964481376,1155426.333,928.3161959,955.4603196,14909.61188,0.971585266,1173472.8,934.2466908,957.8567895,14839.74412,0.975333598
6/26/2021,1112308,934.2944712,963.9375839,14281.56732,0.969247892,1184616.333,937.1700272,959.3750412,14740.5314,0.97687359,1215660.6,949.1724567,969.237827,15764.11587,0.979261282
6/25/2021,1230862,935.830314,953.929671,15210.38876,0.981026529,1210649,940.7050602,958.94422,14893.42456,0.980979574,1244079.4,949.9672518,966.5958716,16391.66391,0.982790688
6/24/2021,1210679,941.3852963,960.2578688,14729.63811,0.980346349,1245044.333,958.579166,976.1072933,16442.87443,0.982010663,1210333.2,947.6777194,968.3896676,16270.81889,0.978585371
6/23/2021,1190406,944.8995703,962.6451201,14740.24682,0.981565845,1259618.667,957.5402162,972.9306061,17339.43089,0.984193521,1174313.2,944.6216074,968.9383853,16187.49375,0.974853243
6/22/2021,1334048,989.4526315,1005.418891,19858.73835,0.984119794,1216860.333,950.7012435,973.0151164,17294.73651,0.977004888,1168600.8,943.0138727,967.3881633,16206.53211,0.974763086
6/21/2021,1254402,938.2684469,950.7278072,17419.30749,0.986894924,1115704,929.5852785,958.8759718,15446.16119,0.969526858,1146202.8,937.2288963,962.3756458,15267.9807,0.973893955
6/20/2021,1062131,924.3826521,962.898651,14606.16369,0.959999945,1084851.333,929.1160951,960.2647061,14584.87157,0.967600238,1134480.2,937.2262299,963.7202935,14740.17908,0.972505171
6/19/2021,1030579,926.1047364,963.0014571,14313.0124,0.961685706,1138160.333,941.1644608,966.0839235,14771.47745,0.974191635,1166137,943.363472,965.9402813,14809.56241,0.976618169
6/18/2021,1161844,936.8608968,954.8940102,14835.43862,0.981115063,1193230.333,945.214587,964.2337865,14927.23977,0.980280068,1197130.6,944.7451238,964.1685298,14898.71199,0.979851982
6/17/2021,1222058,960.5277493,980.3563033,15165.98132,0.979774135,1212754,951.283909,970.6019797,14966.45368,0.980096691,1189354.8,942.6410158,965.6914513,14801.47848,0.976113554
6/16/2021,1195789,938.255115,957.451046,14780.29936,0.979951005,1200583.667,942.1123243,961.8641118,14830.71333,0.979456905,1169961.4,937.1165296,962.1546298,14697.80553,0.973974509
6/15/2021,1220415,955.0688626,973.9985897,14953.08037,0.980564934,1176309,938.1407383,963.5499691,14687.03724,0.973614211,1168118.4,940.8764796,964.8060596,14780.91818,0.975171242
6/14/2021,1185547,933.0129954,954.1426998,14758.76027,0.977854775,1144534.333,930.7528902,959.7745044,14585.21597,0.969785535,1161744,941.2732267,964.7893209,14815.10405,0.975595468
6/13/2021,1122965,926.3403568,962.5086177,14349.27109,0.962422923,1144876.667,938.7668466,965.2963362,14730.91676,0.972478833,1160297,941.2678873,962.7989261,14850.8357,0.977651173
6/12/2021,1125091,932.9053184,962.6721956,14647.61655,0.969078906,1166736,949.0042604,969.098429,14989.16297,0.979233214,1176511.2,947.0698801,963.9220358,15107.57068,0.982527703
6/11/2021,1186574,957.0548646,970.7081954,15195.86264,0.98593467,1184476.333,949.0312537,962.9379391,15085.76362,0.985584679,1196000.8,947.9911685,962.5668839,15185.37481,0.984865338
6/10/2021,1188543,957.0525983,973.9148961,15124.00971,0.982686066,1190297,948.4630725,962.076596,15231.45807,0.985874979,1190254.8,942.9847581,963.44581,15073.08605,0.97884241
6/9/2021,1178312,932.9862982,944.1907257,14937.41851,0.988133301,1201629,941.9494599,956.0704427,15202.33391,0.985235319,1180479.4,940.334126,961.1031699,14966.90245,0.978480166
6/8/2021,1204036,955.3503209,968.1241662,15632.94598,0.986805571,1194806.333,941.628298,966.374476,15101.33401,0.974464228,1202014.4,946.1788046,967.8653363,15066.85668,0.97762409
6/7/2021,1222539,937.5117607,955.8964363,15036.63723,0.980767084,1173349.667,937.7780036,964.4003192,14754.71591,0.972487319,1226596.2,945.0447812,967.2200587,15161.57091,0.977108741
6/6/2021,1157844,932.0228123,975.1028255,14634.41883,0.95582003,1194499,946.0106471,971.768693,14888.23339,0.973515932,1242944.4,946.2159979,967.6739151,15292.61938,0.977866532
6/5/2021,1139666,943.7994378,962.2016958,14593.09168,0.980874844,1250866,951.8964443,968.3670106,15378.93283,0.98298553,1266480.8,950.2838386,965.7191939,15515.32155,0.984015939
6/4/2021,1285987,962.2096912,978.0015578,15437.18966,0.983852923,1305737.333,951.7525798,967.0216848,15745.19546,0.984212595,1298300,950.6115128,964.689789,15766.87266,0.985413342
6/3/2021,1326945,949.680204,964.8977781,16106.51714,0.984228823,1302250.333,948.4700213,962.797572,15848.77546,0.985117309,1291136.8,946.5783193,960.1858082,15757.0373,0.98582995
6/2/2021,1304280,943.3678441,958.1657185,15691.87957,0.984556039,1292856,947.0558895,960.1832031,15763.55217,0.986328322,1296627.8,955.5980545,969.3434282,15873.52469,0.985836423
6/1/2021,1275526,952.3620159,965.3292193,15747.92968,0.986567066,1274819.667,946.6145161,959.2885149,15662.26327,0.986788296,1295887.8,957.4011182,971.0611289,16048.67263,0.985952161
5/31/2021,1298762,945.4378086,957.0546715,15850.84726,0.987861861,1301111,960.7534708,974.4074011,15975.93806,0.986019669,1299596,955.5850394,969.790995,16152.44057,0.985365072
5/30/2021,1250171,942.0437238,955.4816538,15388.01286,0.985935962,1301717,963.0685888,977.6405846,16214.86208,0.985110627,1296616.2,951.5708262,965.833634,16384.33232,0.985253164
5/29/2021,1354400,994.7788801,1010.685878,16688.95406,0.984261185,1316349,963.4812215,978.8062165,16507.78091,0.984342512,1303808,954.4719187,968.1742597,16837.51843,0.985866683
5/28/2021,1300580,952.3831624,966.754222,16567.61931,0.985134733,1292836.667,940.3438424,954.333546,16614.89823,0.985356225,1297937.6,946.2625756,959.4561577,17354.52958,0.98625087
5/27/2021,1294067,943.2816219,958.9785495,16266.76937,0.983631618,1288020,941.732517,954.4770662,16977.00626,0.986645832,1295682.4,947.4696199,960.3272316,19397.917,0.98661017
5/26/2021,1283863,925.366743,937.2678665,17010.306,0.987302324,1298347,945.2160312,957.1826724,17979.41974,0.987496,1282183,949.1647774,961.5077163,19710.38723,0.987163601
5/25/2021,1286130,956.5491862,967.1847826,17653.94341,0.989003553,1300160.667,956.2332448,968.4632474,21237.50321,0.987372302,1294585.6,950.3160058,962.6201263,21024.16349,0.987219755
5/24/2021,1325048,953.7321643,967.095368,19274.0098,0.986182124,1280307.333,954.6359859,967.6953108,21295.89559,0.986504043,1327536.4,950.7493385,964.0495151,21932.06063,0.986213591
5/23/2021,1289304,958.4183839,971.1095915,26784.55643,0.98693123,1287250,947.0995594,959.6068269,22730.95474,0.986971033,1355036.6,949.4267443,962.4838843,27232.6276,0.986444395
5/22/2021,1226570,951.7574095,964.8809728,17829.12053,0.986398775,1341110,947.1987147,960.6808721,21200.57898,0.985984866,1382251.6,948.8110688,961.553317,26298.9193,0.986757632
5/21/2021,1345876,931.1228849,942.8299164,23579.18727,0.987583093,1419769.667,945.6526426,958.8096191,30516.48702,0.986297323,1425791.4,949.6427116,962.2343732,27007.17284,0.986922718
5/20/2021,1450884,958.7158498,974.331727,22193.42913,0.983972731,1446270.667,953.7250165,966.685232,30028.7629,0.986602098,1443226,953.0965032,965.7238039,26520.2629,0.986930724
5/19/2021,1462549,947.1191932,959.2672138,45776.84466,0.987336145,1444065.667,952.7916077,964.6700742,29754.41594,0.987685921,1444263,955.2026205,967.4165063,26304.17268,0.987378981
5/18/2021,1425379,955.3400065,966.4567551,22116.01491,0.988497418,1434232.333,953.2158243,965.0066929,21543.68023,0.987781582,1457676,956.798744,968.7937149,22210.5188,0.987623617
5/17/2021,1444269,955.9156235,968.2862536,21370.38824,0.987224201,1444462.333,957.851301,970.4528543,21209.3346,0.987020447,1484432.8,958.2374359,970.4647097,23175.72624,0.987405029
5/16/2021,1433049,948.3918428,960.2770701,21144.63755,0.987623127,1472910.667,957.5793634,969.7418552,22522.06362,0.987465488,1519701.4,956.3024244,968.7657644,26671.75073,0.987136458
5/15/2021,1456069,969.2464366,982.7952391,21112.97802,0.986214013,1514948.667,962.2932377,974.5867416,24454.53513,0.987392605,1572271.6,957.7450533,971.170439,30630.45746,0.986177615
5/14/2021,1529614,955.0998107,966.1532564,25308.57529,0.988559325,1569796.333,954.6246143,966.9188376,30367.04603,0.987281717,1632311.4,956.3624408,969.2924854,34202.08415,0.986659893
5/13/2021,1559163,962.5334659,974.8117294,26942.05209,0.987404477,1625225,954.7930064,968.9678999,35576.91134,0.98537158,1656435.8,956.0625879,969.6602574,33862.77826,0.985974539
5/12/2021,1620612,946.2405662,959.791527,38850.5107,0.98588135,1690926.667,954.7263092,968.499147,39586.59779,0.985778554,1701138,955.4528233,969.4518829,34268.2812,0.985559641
5/11/2021,1695900,955.6049872,972.3004432,40938.17122,0.982828912,1700801.333,957.1796358,971.2326768,34507.10951,0.985528956,1684979.2,957.9763577,971.2196748,30356.65919,0.986365626
5/10/2021,1756268,962.3333742,973.4054708,38971.11145,0.988625401,1729726,958.4728544,971.7224814,30517.57469,0.986362648,1651230.8,956.7757733,968.9996728,25977.59736,0.987386534
5/9/2021,1650236,953.6005461,967.9921165,23612.04585,0.985132554,1657576,957.3144757,970.1308199,23958.00443,0.986791272,1312054.8,772.4017722,782.518274,18328.96912,0.987051075
5/8/2021,1782674,959.4846428,973.7698569,28969.56676,0.985329989,1616550,955.9816487,967.8669256,22434.94317,0.987724906,982070,581.7416082,588.9798507,13607.59416,0.98984207
5/7/2021,1539818,958.8582381,968.6304864,19292.40067,0.989911273,1042454.667,649.6412241,656.9431322,13021.07766,0.988264277,929874.8,583.0973538,590.2637776,11564.22405,0.989934557
5/6/2021,1527158,949.6020652,961.2004335,19042.86208,0.987933455,529286,330.12172,334.1663034,6592.001117,0.99132303,921975,578.3513471,585.9580414,11457.4547,0.98942383
5/5/2021,60388,40.46336893,40.99847683,727.97023,0.986948103,527466,335.6754885,340.4959893,6495.28584,0.990609352,920275.2,582.4402627,590.3538586,11614.99274,0.989165628
5/6/2021,312,0.29972598,0.29999972,5.17104,0.999087532,1007443,633.8971005,642.5304322,12505.48039,0.990745865,1190657.6,762.9190303,772.5305262,14814.69151,0.989879846
5/5/2021,1521698,966.2633707,980.1894914,18752.71625,0.98579242,1513558.667,957.1460728,970.1569387,19113.9408,0.986597502,1467383.8,947.7744135,960.1353616,18194.69435,0.987132108
5/4/2021,1500319,935.1282049,947.1018054,18758.55388,0.987357642,1477092.667,949.3440183,960.7210467,18438.52342,0.988173093,1447568,941.4115678,953.5659732,18057.80837,0.987251608
5/3/2021,1518659,970.0466428,983.1795194,19830.55228,0.986642443,1438300.667,945.8268307,957.7951704,17820.73388,0.987503493,1446000.2,944.4015334,956.3334791,18182.30699,0.987519521
5/2/2021,1412300,942.8572072,951.8818152,16726.4641,0.990519193,1406287.333,933.9609971,945.8495137,17233.31189,0.987419319,1448605.8,940.0985753,951.503968,18267.52939,0.988001301
5/1/2021,1383943,924.5766421,938.3241767,16905.18526,0.985348843,1433014,936.367939,948.8686869,18118.17286,0.986811989,1459717.2,942.6114667,954.5121126,18772.90618,0.987518601
4/30/2021,1422619,934.449142,947.3425493,18068.28632,0.986389921,1482262,944.3530091,955.7712828,19235.33252,0.988046156,1475011.2,948.0284935,959.4903004,19095.91818,0.98804992
4/29/2021,1492480,950.0780328,960.9393347,19381.04699,0.988697203,1497341.333,951.3438499,962.2979456,19630.35311,0.98861808,1457845.4,950.3466611,961.5202195,19090.90268,0.988379819
4/28/2021,1531687,948.5318526,959.0319643,20256.66426,0.989051343,1486652.333,951.8717643,963.0565393,19343.4192,0.988387493,1439782.2,951.9545412,963.4628105,18978.99109,0.988057609
4/27/2021,1467857,955.4216642,966.9225379,19253.34807,0.988105693,1421686.667,951.0411401,962.5432662,18605.60072,0.988050184,1435274.4,953.2411695,965.0647514,19476.0423,0.987749687
4/26/2021,1460413,951.6617761,963.2151157,18520.24526,0.988005442,1399789,951.9397297,963.7865168,18461.6477,0.987710337,1458563.4,952.290803,964.1842963,20994.70066,0.987666173
4/25/2021,1336790,946.03998,957.492145,18043.20883,0.988039416,1416034,953.0408025,965.0620345,19868.87272,0.987545767,1482806.2,944.2190508,956.0114348,22768.39824,0.987669512
4/24/2021,1402164,958.1174331,970.6522896,18821.48901,0.987086152,1498538,954.5840863,966.7380736,22803.34973,0.987428669,1524740.6,920.049833,931.4933074,25777.15442,0.987736177
4/23/2021,1509148,954.9649943,967.0416688,22741.92033,0.987511733,1558359,938.9792803,950.6375798,25659.09779,0.987740664,1545106.2,889.0655788,899.8156626,28205.67764,0.988086198
4/22/2021,1584302,950.6698314,962.5202623,26846.63985,0.987688123,1570797,895.7222459,906.5908595,29107.45426,0.988027666,1522726.8,856.464732,866.2373736,28630.00286,0.988784575
4/21/2021,1581627,911.3030153,922.3508084,27388.73318,0.988022135,1544027,846.5643561,856.5054607,30479.94268,0.988410379,1492481,827.5974007,836.6293305,28542.43907,0.989246442
4/20/2021,1546462,825.193891,834.9015077,33086.98974,0.98837274,1482568.333,806.7836045,815.4385991,29638.21375,0.989404205,1469447.8,805.5078136,814.0731255,28645.49677,0.989489092
4/19/2021,1503992,803.1961619,812.264066,30964.10511,0.988836261,1444772,800.4966991,808.6314454,27412.15748,0.989945778,1405481,803.9878581,812.5599242,26317.05846,0.989459662
4/18/2021,1397251,791.9607606,799.1502235,24863.54641,0.991003615,1432261.667,799.7163383,807.7333513,26392.12966,0.99007882,1376083.6,800.7126917,809.1456702,24765.37692,0.98958664
4/17/2021,1433073,806.3331748,814.4800468,26408.82092,0.989997457,1375387.333,808.2607893,817.1284438,25252.54693,0.989152812,1365408.8,799.0741831,808.0575854,24300.41224,0.988880825
4/16/2021,1466461,800.8550795,809.5697836,27904.02166,0.989235389,1350031.333,801.7565078,810.6993602,24184.8391,0.988977376,1349605.8,798.3869364,807.6725371,23371.72219,0.988504173
4/15/2021,1226628,817.5941137,827.335501,21444.79821,0.98822559,1309170,796.0608871,805.4126989,22396.40621,0.988390426,1310261.4,800.721746,810.2904637,21767.01648,0.988194281
4/14/2021,1357005,786.8203301,795.1927959,23205.69742,0.98947115,1351646.667,791.1618297,800.4858003,22503.26369,0.988353296,1323914,797.903535,807.4945696,21611.23462,0.988126368
4/13/2021,1343877,783.7682176,793.7097997,22538.723,0.987474538,1322558,799.7314287,809.6413405,21394.86225,0.987758221,1310517.8,798.3463327,808.2401011,21392.34494,0.987757265
4/12/2021,1354058,802.8969413,812.5548054,21765.37066,0.9881142,1306229.333,806.309709,816.1900841,20770.58423,0.987895385,1300042,801.0793043,811.1007443,21337.04549,0.987643603
4/11/2021,1269739,812.5291272,822.6594163,19880.4931,0.987685926,1284884.667,801.6888348,811.6453002,20885.87702,0.987732529,1283571.8,797.5606458,807.7918964,21936.77869,0.987330618
4/10/2021,1294891,803.5030586,813.3560306,20665.88892,0.987886028,1292137.667,796.6568176,806.7631666,21679.78789,0.987472629,1298697.6,796.6826246,807.5122121,22999.97371,0.986597866
4/9/2021,1290024,789.0343187,798.9204537,22111.24904,0.987625633,1284409.667,790.5903477,800.9813451,23045.83714,0.987027045,1300247.2,794.5278505,805.5982582,23899.73745,0.986269413
4/8/2021,1291498,797.4330756,808.0130156,22262.22572,0.986906226,1302857.667,796.958582,808.4281921,24074.24353,0.985825889,1280554,796.027858,807.9426141,23788.9365,0.98526362
4/7/2021,1271707,785.3036487,796.010566,24764.03665,0.986549277,1306571.333,795.3906195,807.0192738,25041.7375,0.985605069,1274504.4,795.6712569,808.0343703,24195.40564,0.984710532
4/6/2021,1345368,808.1390216,821.2609946,25196.46822,0.984022165,1279855,799.1341885,811.8964964,23972.80671,0.984287532,1293210.6,798.0468804,810.9905238,24701.72439,0.984043569
4/5/2021,1302639,792.7291881,803.7862609,25164.70763,0.986243765,1251815.667,794.9712047,807.6334302,23672.17445,0.984327073,1295238,795.9736457,809.0291706,25239.89581,0.983867072
4/4/2021,1191558,796.5343559,810.6422336,21557.24428,0.982596666,1272682,796.4553974,809.9684545,24382.48203,0.983317306,1308681.2,797.2612124,810.5296974,26362.16367,0.983630019
4/3/2021,1261250,795.6500701,808.4717962,24294.57144,0.984140787,1327331,796.8682282,810.2391194,26492.50904,0.983498309,1325664.8,793.2550306,806.2997029,27218.30828,0.983820263
4/2/2021,1365238,797.1817662,810.7913337,27295.63037,0.983214464,1363532.667,798.0405453,811.1781524,28653.00088,0.983804213,1328741,793.4343496,806.6668857,27395.08523,0.983595607
4/1/2021,1355505,797.7728484,811.4542284,27887.32532,0.983139677,1333945.333,791.1477722,804.0784615,28167.1132,0.983915355,1298598.6,793.8793999,807.2931385,26482.64899,0.983385894
3/31/2021,1369855,799.1670212,811.288895,30776.04695,0.985058499,1307654,790.7390444,803.6962887,27264.15682,0.983874632,1282372.6,799.8935507,813.0496206,25540.13224,0.983808066
3/30/2021,1276476,776.503447,789.492261,25837.96734,0.983547889,1255877.667,790.8190433,804.5741897,24583.29089,0.982910431,1261897,801.1462322,814.6375681,24295.30738,0.983427782
3/29/2021,1276631,796.5466651,810.3077102,25178.45617,0.983017507,1255177.333,807.9324284,821.4889823,23695.54897,0.983477981,1266604,801.5012969,814.7821068,24362.74085,0.983697207
3/28/2021,1214526,799.4070177,813.9225978,22733.44916,0.982165896,1252126,810.893683,824.4626231,23486.70446,0.983524505,1273178.8,800.9302847,814.1299619,24810.10514,0.983784015
3/27/2021,1274375,827.8436025,840.2366388,23174.74158,0.98525054,1280621,803.8509339,816.5600754,24633.93298,0.984434211,1290103.2,801.1477177,814.1963546,25454.03084,0.983970964
3/26/2021,1267477,805.4304289,819.2286328,24551.92265,0.983157078,1292331,792.4669345,805.4968576,26047.44499,0.983834546,1295222.4,793.1092056,806.0502188,26387.8079,0.983955295
3/25/2021,1300011,778.2787702,790.2149545,26175.13471,0.984895016,1302888,790.821519,803.8388339,26514.49665,0.983815734,1286230.6,790.7051791,802.9498213,26297.92082,0.984756751
3/24/2021,1309505,793.6916043,807.0469856,27415.27762,0.983451544,1302874.667,793.9456097,806.9358356,27070.66072,0.983908127,1274005.6,794.8065376,807.0270554,25849.00724,0.984862488
3/23/2021,1299148,800.4941825,814.2545615,25953.07762,0.983100642,1273879,793.8518404,805.8290555,25966.39725,0.985145731,1270092.8,795.8133994,808.3209988,25474.34374,0.98453592
3/22/2021,1299971,787.6510423,799.5059597,27843.62692,0.985172196,1253791.667,793.2823003,804.6112433,25292.22698,0.985920085,1265475.2,793.3738927,805.9339521,25637.72148,0.984420256
3/21/2021,1222518,793.4102964,803.7266452,24102.48722,0.987164356,1250448.333,796.9739241,809.281491,24525.00472,0.984802254,1261167.2,795.2789732,807.8655075,25717.73161,0.984422933
3/20/2021,1238886,798.7855623,810.6011251,23930.56681,0.985423703,1268295.667,795.2693749,808.8123852,25414.16442,0.983254909,1276724.2,795.9325158,809.2918234,26472.54717,0.983492479
3/19/2021,1289941,798.7259137,813.5167026,25541.96012,0.981818703,1281477.333,794.7330024,808.3332558,26851.868,0.983175535,1289906,793.9927398,807.3930749,27342.41336,0.983406718
3/18/2021,1276060,788.2966488,802.3193279,26769.96633,0.982522322,1284931.333,794.0503676,807.4470965,27630.06964,0.983406664,1286039,793.1698298,806.3351853,27240.69723,0.983673655
3/17/2021,1278431,797.1764448,809.1637369,28243.67755,0.985185579,1294509.667,794.3137121,807.0431146,28133.38012,0.984230855,1287332.4,793.8382,806.4724853,26972.16133,0.984337996
3/16/2021,1300303,796.6780093,810.8582247,27876.56504,0.98251209,1291901.333,793.4586851,806.7309539,27063.28076,0.983553458,1290706.2,790.6122403,803.099851,26545.42307,0.98446006
3/15/2021,1304795,789.0866823,801.1073823,28279.89777,0.984994895,1285976,791.7788486,804.1134884,26246.85469,0.984664104,1288360.8,789.2555221,801.0042243,25836.0187,0.985337468
3/14/2021,1270606,794.6113637,808.2272547,25033.37947,0.983153388,1282811,789.0988366,801.1778827,25523.55085,0.984931104,1291387,797.895856,811.324271,25025.09002,0.983549212
3/13/2021,1282527,791.6384997,803.0058281,25427.28684,0.985844028,1288801,787.5265215,798.5621615,25288.93875,0.986179686,1292034.8,796.752673,810.5345534,24748.73414,0.98309319
3/12/2021,1295300,781.0466464,792.3005653,26109.98625,0.985795897,1301267.333,801.0764723,815.1294241,24888.26126,0.982916215,1282475.4,797.5559719,811.7024662,24509.12244,0.982662847
3/11/2021,1288576,789.8944183,800.3800912,24329.54317,0.986899133,1294115.667,803.6927396,819.1221245,24068.7992,0.981275341,1258519.2,800.1908199,814.8400148,24011.94808,0.98209584
3/10/2021,1319926,832.2883521,852.7076157,24225.25435,0.976053616,1276167,805.6129317,821.9438915,24035.36093,0.980206401,1232269.8,802.3813926,818.0599234,23398.46051,0.980886806
3/9/2021,1273845,788.8954485,804.2786665,23651.60009,0.980873274,1228031.333,792.9237764,807.0374558,23834.98096,0.982508817,1209155,796.8956632,811.4978893,23281.0328,0.982007882
3/8/2021,1234730,795.6549944,808.8453922,24229.22834,0.983692313,1189192.667,796.9077208,811.1044449,23038.48271,0.982502379,1200197.4,797.8070791,813.55056,22951.24111,0.980654982
3/7/2021,1175519,794.2208863,807.9883086,23624.11446,0.982960865,1179066.667,799.9759577,814.7884625,22841.44518,0.981824608,1197436,794.3421898,810.5726146,22754.85114,0.979980502
3/6/2021,1157329,800.8472818,816.4796338,21262.10532,0.98085396,1196912.667,799.7198383,816.9730331,22300.95425,0.978873911,1210755.8,794.5018012,811.1695896,22532.77648,0.979453738
3/5/2021,1204352,804.8597051,819.8974452,23638.11577,0.981658999,1218110.667,792.2142604,809.4650435,22962.67865,0.978695895,1212964.8,787.8750625,804.9678603,22694.82445,0.97876148
3/4/2021,1229057,793.4525279,814.5420204,22002.64166,0.974108773,1230699.333,788.9340063,806.4902896,22587.8871,0.97825191,1205151.6,785.1489378,802.6972585,22421.53898,0.978146588
3/3/2021,1220923,778.3305481,793.9556649,23247.27851,0.980319913,1210471.667,780.3543599,796.7999453,22611.1216,0.979346543,1200140.8,786.2599495,802.6954386,22503.71214,0.97951275
3/2/2021,1242118,795.018943,810.9731835,22513.74114,0.980327043,1191926,784.653871,801.662869,22285.9249,0.978768084,1203620.2,790.3706051,806.9943213,22824.21454,0.979385674
3/1/2021,1168374,767.7135886,785.4709875,22072.34515,0.977392674,1179221,785.9834188,802.8494481,22252.51368,0.978972265,1201019,790.5600615,807.4675927,23623.86151,0.979048171
2/28/2021,1165286,791.2290815,808.544436,22271.68842,0.978584536,1202536.333,796.3734979,812.8424784,23178.3288,0.979736217,1220302,794.4385618,811.087176,24856.09725,0.979472212
2/27/2021,1204003,799.0075862,814.5329209,22413.50748,0.980939586,1223811.667,797.9525459,814.4408467,24591.758,0.979754548,1250106.2,797.1876271,814.1118961,29250.93562,0.979216187
2/26/2021,1238320,798.8838261,815.4500784,24849.79051,0.979684529,1244073.667,793.9853805,810.7861744,26531.76345,0.979278979,1271966.4,795.1633392,812.2948002,32197.44831,0.978915949
2/25/2021,1229112,795.9662253,813.3395407,26511.97601,0.978639529,1269402.667,796.0155744,813.5254937,32997.12671,0.978485607,1275502.4,795.1987674,812.6932086,32128.774,0.978481806
2/24/2021,1264789,787.10609,803.5689041,28233.52384,0.979512878,1297466.667,793.6555482,810.894794,36541.82502,0.978751895,1289430.2,793.4980393,811.0497054,32380.31066,0.978367127
2/23/2021,1314307,804.974408,823.6680362,44245.88028,0.977304415,1294537,797.6405073,815.5191994,35299.45671,0.978085541,1305497.2,797.5097203,815.4472924,32518.59221,0.978008809
2/22/2021,1313304,788.8861466,805.4474416,37146.07093,0.979438392,1289351.667,791.8032328,809.3371956,29807.38307,0.978339447,1300334.6,793.606185,810.8923271,29016.98884,0.97869311
2/21/2021,1256000,799.0609672,817.4421203,24506.41892,0.977513817,1299958.333,797.8960156,816.0403281,27067.00328,0.977767079,1292209.2,795.5275945,812.7456583,27086.6593,0.978823445
2/20/2021,1298751,787.4625846,805.122025,27769.65935,0.978066132,1310789.667,793.3612704,810.5240246,27810.81811,0.97883778,1276877.6,794.013064,811.3529015,27319.20816,0.978634555
2/19/2021,1345124,807.1644951,825.556839,28924.93157,0.977721287,1302098.333,797.0381402,813.7213821,27719.07274,0.979512425,1261009.2,789.9184928,807.5528695,26818.0002,0.978153855
2/18/2021,1288494,785.4567315,800.8932097,26737.86342,0.980725922,1246837.667,791.8127468,808.6952145,26633.81663,0.979128452,1231401.8,787.4147244,805.1040908,26395.68684,0.978019165
2/17/2021,1272677,798.4931941,814.7140976,27494.42323,0.980090067,1223809.333,785.6570792,803.771433,26142.402,0.977440689,1218254.2,788.2413335,806.5996313,26418.77458,0.977227318
2/16/2021,1179342,791.4883147,810.4783361,25669.16323,0.976569366,1198612.667,784.3745655,803.3043822,25915.38251,0.976426612,1224998.6,788.4004097,807.1711346,26442.28266,0.976736781
2/15/2021,1219409,766.9897287,786.1218652,25263.61953,0.975662633,1213084,783.7417195,802.6019075,26310.09548,0.976492385,1244368,788.7985286,807.6726763,26701.44472,0.976624022
2/14/2021,1197087,794.6456531,813.3129454,26813.36478,0.977047836,1242080.667,794.5080017,813.0851573,27092.87684,0.977150636,1259212.4,792.2008042,811.1969164,27347.32888,0.976578991
2/13/2021,1222756,789.5897768,808.370912,26853.30214,0.976766686,1268448,794.1190871,812.9761903,27143.4131,0.976803214,1281400.4,789.4354989,808.387741,28151.75989,0.976553209
2/12/2021,1306399,799.2885752,817.5716144,27611.96361,0.977637385,1292073,792.256197,811.4335749,27689.99249,0.976360144,1295802.4,789.3942151,808.024727,28968.2537,0.976941646
2/11/2021,1276189,793.4789093,812.9860446,26964.97354,0.976005572,1292615.667,786.0997142,805.3320596,28764.51123,0.976120658,1279616.2,788.8696626,807.800672,28522.90273,0.976567456
2/10/2021,1293631,784.0011065,803.7430656,28493.04031,0.975437475,1298808,784.7345303,803.1886587,30088.11044,0.977021758,1269698.2,788.9299453,808.2571275,28155.7906,0.976094948
2/9/2021,1308027,780.8191268,799.2670686,30835.51983,0.976918927,1276087,788.956099,807.4247499,29052.1666,0.977131411,1272297.2,790.5928981,809.2677737,29208.83178,0.976932156
2/8/2021,1294766,789.3833575,806.555842,30935.77119,0.978708871,1248944.333,793.2764978,812.7585012,27150.13096,0.976039447,1273942.4,793.6566038,812.5752224,29324.98363,0.976726956
2/7/2021,1225468,796.6658127,816.4513392,25385.20879,0.975766435,1252897.667,794.2540021,813.5053193,28090.95596,0.976344328,1276858.2,793.2388502,812.3128819,28746.06678,0.976527018
2/6/2021,1226599,793.7803232,815.2683223,25129.4129,0.973643034,1283159.333,794.0779496,813.2896436,30101.31272,0.976386491,1300324,796.401333,815.1113408,29058.39807,0.97704703
2/5/2021,1306626,792.3158705,808.7962963,33758.2462,0.979623515,1310741.333,791.9160384,809.9482494,31071.90407,0.977741874,1312461,795.4862112,813.3151765,29165.00445,0.97808103
2/4/2021,1316253,796.1376551,815.8043123,31416.27907,0.975892923,1322798.333,798.6368238,817.1640284,28801.44375,0.977322867,1302705,799.1278711,817.3913811,27134.43395,0.977657133
2/3/2021,1309345,787.2945896,805.2441395,28041.18695,0.977709183,1313142,796.3258435,813.991758,26883.49899,0.978296237,1284086.2,797.0518592,815.0122363,25266.59776,0.977962862
2/2/2021,1342797,812.4782268,830.4436334,26946.86524,0.978366495,1295975.667,804.069037,821.9694845,25404.90124,0.978227852,1276128.2,797.9154585,815.9472465,24318.84333,0.977900425
2/1/2021,1287284,789.204714,806.287501,25662.44477,0.978813033,1256096.333,795.1621598,813.1244696,23781.64553,0.977912878,1254561.4,794.0625501,811.755389,23124.86195,0.97820712
1/31/2021,1257846,810.5241701,829.1773191,23605.39371,0.977504029,1250186.667,795.9647838,814.3350326,22994.96889,0.977440866,1225584.6,794.1941046,812.4398132,22182.11261,0.977542229
1/30/2021,1223159,785.7575954,803.9085887,22077.09811,0.977421571,1242559,790.1946221,807.7707083,22118.82376,0.978239513,1209304.8,790.7327911,808.8254598,21356.52918,0.977630665
1/29/2021,1269555,791.612586,809.9191901,23302.41484,0.977396999,1215639.333,791.5629192,809.704386,21742.69041,0.977595181,1206586.6,793.2636914,811.6584002,21097.15944,0.977339644
1/28/2021,1234963,793.2136848,809.4843462,20976.95834,0.979899968,1184603.333,792.0979247,810.09984,20467.71099,0.977778252,1173207,788.3719511,806.3735541,20433.15113,0.977688915
1/27/2021,1142400,789.8624868,809.7096218,20948.69804,0.975488577,1176138.333,793.8307287,812.9628215,20402.14135,0.976467084,1152053,789.8454979,807.8762237,20069.90942,0.977690238
1/26/2021,1176447,793.2176025,811.1055521,19477.47658,0.977946212,1162890.667,786.2611946,804.2246009,20080.03308,0.977685344,1151914.6,785.490678,803.5064522,19949.3419,0.977573266
1/25/2021,1209568,798.4120969,818.0732906,20780.24942,0.975966464,1147139.333,788.7158001,806.1886482,19974.45749,0.978338801,1153336.4,785.3269725,802.6607749,21132.38293,0.978395351
1/24/2021,1102657,767.1538843,783.4949599,19982.37325,0.979143356,1124519.333,778.6078969,796.1178061,19829.66117,0.977984552,1148667.4,783.5323063,800.992255,20866.60134,0.97819004
1/23/2021,1129193,800.5814191,816.9976941,19160.74979,0.979906583,1151485.667,787.0229605,803.9118747,21633.09732,0.978955645,1160170,787.6269118,805.3665788,21087.65836,0.977951711
1/22/2021,1141708,768.0883872,787.8607642,20345.86048,0.974903717,1170495.667,783.3087427,801.4895403,21729.96122,0.977300087,1170495.667,783.3087427,801.4895403,21729.96122,0.977300087
1/21/2021,1183556,792.3990752,806.8771658,25392.68169,0.982056636,1184889.5,790.9189205,808.3039284,22422.01159,0.978498273,1184889.5,790.9189205,808.3039284,22422.01159,0.978498273
1/20/2021,1186223,789.4387658,809.7306909,19451.34148,0.974939909,1186223,789.4387658,809.7306909,19451.34148,0.974939909,1186223,789.4387658,809.7306909,19451.34148,0.974939909
